{
  "VAR_NAMES": ["Dudu's Personal Expense", "Dudu's Savings for himself", "Dudu's Savings for emergencies like gifts/treats", "Bubu-Dudu's Expense", "PF"],
  "START_VALUES": [-3476.93, 0.0, 0.0, 0.0, 1000.0],
  "INCREMENTS": [0.00016634333930704898446833930704898, 0.00016634333930704898446833930704898, 0.00016634333930704898446833930704898, 0.00016634333930704898446833930704898, 0.00016634333930704898446833930704898],
  "UPDATES_PER_SECOND": 60,
  "DECIMALS": 4
}
